1,Article id: 1
2,Article id: 2
3,Article id: 3
4,Article id: 4
5,Article id: 5
6,Article id: 6
7,Article id: 7
8,Article id: 8
9,Article id: 9
10,Article id: 10
11,Article id: 11
12,Article id: 12
13,Article id: 13
14,Article id: 14
15,Article id: 15
16,Article id: 16
17,Article id: 17
18,Article id: 18
19,Article id: 19
20,Article id: 20
21,Article id: 21
22,Article id: 22
23,Article id: 23
24,Article id: 24
25,Article id: 25
26,Article id: 26
27,Article id: 27
28,Article id: 28
29,Article id: 29
30,Article id: 30
31,Article id: 31
32,Article id: 32
33,Article id: 33
34,Article id: 34
35,Article id: 35
36,Article id: 36
37,Article id: 37
38,Article id: 38
39,Article id: 39
40,Article id: 40
41,Article id: 41
42,Article id: 42
43,Article id: 43
44,Article id: 44
45,Article id: 45
46,Article id: 46
47,Article id: 47
48,Article id: 48
49,Article id: 49
50,Article id: 50
51,Article id: 51
52,Article id: 52
53,Article id: 53
54,Article id: 54
55,Article id: 55
56,Article id: 56
57,Article id: 57
58,Article id: 58
59,Article id: 59
60,Article id: 60
61,Article id: 61
62,Article id: 62
63,Article id: 63
64,Article id: 64
65,Article id: 65
66,Article id: 66
67,Article id: 67
68,Article id: 68
69,Article id: 69
70,Article id: 70
71,Article id: 71
72,Article id: 72
73,Article id: 73
74,Article id: 74
75,Article id: 75
76,Article id: 76
77,Article id: 77
78,Article id: 78
79,Article id: 79
80,Article id: 80
81,Article id: 81
82,Article id: 82
83,Article id: 83
84,Article id: 84
85,Article id: 85
86,Article id: 86
87,Article id: 87
88,Article id: 88
89,Article id: 89
90,Article id: 90
91,Article id: 91
92,Article id: 92
93,Article id: 93
94,Article id: 94
95,Article id: 95
96,Article id: 96
97,Article id: 97
98,Article id: 98
99,Article id: 99
100,Article id: 100
101,Article id: 101
102,Article id: 102
103,Article id: 103
104,Article id: 104
105,Article id: 105
106,Article id: 106
107,Article id: 107
108,Article id: 108
109,Article id: 109
110,Article id: 110
111,Article id: 111
112,Article id: 112
113,Article id: 113
114,Article id: 114
115,Article id: 115
116,Article id: 116
117,Article id: 117
118,Article id: 118
119,Article id: 119
120,Article id: 120
121,Article id: 121
122,Article id: 122
123,Article id: 123
124,Article id: 124
125,Article id: 125
126,Article id: 126
127,Article id: 127
128,Article id: 128
129,Article id: 129
130,Article id: 130
131,Article id: 131
132,Article id: 132
133,Article id: 133
134,Article id: 134
135,Article id: 135
136,Article id: 136
137,Article id: 137
138,Article id: 138
139,Article id: 139
140,Article id: 140
141,Article id: 141
142,Article id: 142
143,Article id: 143
144,Article id: 144
145,Article id: 145
146,Article id: 146
147,Article id: 147
148,Article id: 148
149,Article id: 149
150,Article id: 150
151,Article id: 151
152,Article id: 152
153,Article id: 153
154,Article id: 154
155,Article id: 155
156,Article id: 156
157,Article id: 157
158,Article id: 158
159,Article id: 159
160,Article id: 160
161,Article id: 161
162,Article id: 162
163,Article id: 163
164,Article id: 164
165,Article id: 165
166,Article id: 166
167,Article id: 167
168,Article id: 168
169,Article id: 169
170,Article id: 170
171,Article id: 171
172,Article id: 172
173,Article id: 173
174,Article id: 174
175,Article id: 175
176,Article id: 176
177,Article id: 177
178,Article id: 178
179,Article id: 179
180,Article id: 180
181,Article id: 181
182,Article id: 182
183,Article id: 183
184,Article id: 184
185,Article id: 185
186,Article id: 186
187,Article id: 187
188,Article id: 188
189,Article id: 189
190,Article id: 190
191,Article id: 191
192,Article id: 192
193,Article id: 193
194,Article id: 194
195,Article id: 195
196,Article id: 196
197,Article id: 197
198,Article id: 198
199,Article id: 199
200,Article id: 200
201,Article id: 201
202,Article id: 202
203,Article id: 203
204,Article id: 204
205,Article id: 205
206,Article id: 206
207,Article id: 207
208,Article id: 208
209,Article id: 209
210,Article id: 210
211,Article id: 211
212,Article id: 212
213,Article id: 213
214,Article id: 214
215,Article id: 215
216,Article id: 216
217,Article id: 217
218,Article id: 218
219,Article id: 219
220,Article id: 220
221,Article id: 221
222,Article id: 222
223,Article id: 223
224,Article id: 224
225,Article id: 225
226,Article id: 226
227,Article id: 227
228,Article id: 228
229,Article id: 229
230,Article id: 230
231,Article id: 231
232,Article id: 232
233,Article id: 233
234,Article id: 234
235,Article id: 235
236,Article id: 236
237,Article id: 237
238,Article id: 238
239,Article id: 239
240,Article id: 240
241,Article id: 241
242,Article id: 242
243,Article id: 243
244,Article id: 244
245,Article id: 245
246,Article id: 246
247,Article id: 247
248,Article id: 248
249,Article id: 249
250,Article id: 250
251,Article id: 251
252,Article id: 252
253,Article id: 253
254,Article id: 254
255,Article id: 255
256,Article id: 256
257,Article id: 257
258,Article id: 258
259,Article id: 259
260,Article id: 260
261,Article id: 261
262,Article id: 262
263,Article id: 263
264,Article id: 264
265,Article id: 265
266,Article id: 266
267,Article id: 267
268,Article id: 268
269,Article id: 269
270,Article id: 270
271,Article id: 271
272,Article id: 272
273,Article id: 273
274,Article id: 274
275,Article id: 275
276,Article id: 276
277,Article id: 277
278,Article id: 278
279,Article id: 279
280,Article id: 280
281,Article id: 281
282,Article id: 282
283,Article id: 283
284,Article id: 284
285,Article id: 285
286,Article id: 286
287,Article id: 287
288,Article id: 288
289,Article id: 289
290,Article id: 290
291,Article id: 291
292,Article id: 292
293,Article id: 293
294,Article id: 294
295,Article id: 295
296,Article id: 296
297,Article id: 297
298,Article id: 298
299,Article id: 299
300,Article id: 300
